INSERT INTO User (user_id, user_name, password) VALUES (1, 'user1', 'pass1');
INSERT INTO User (user_id, user_name, password) VALUES (2, 'user2', 'pass2');
INSERT INTO User (user_id, user_name, password) VALUES (3, 'user3', 'pass3');
INSERT INTO User (user_id, user_name, password) VALUES (4, 'user4', 'pass4');
INSERT INTO User (user_id, user_name, password) VALUES (5, 'user5', 'pass5');
INSERT INTO User (user_id, user_name, password) VALUES (6, 'user6', 'pass6');
INSERT INTO User (user_id, user_name, password) VALUES (7, 'user7', 'pass7');
INSERT INTO User (user_id, user_name, password) VALUES (8, 'user8', 'pass8');
INSERT INTO User (user_id, user_name, password) VALUES (9, 'user9', 'pass9');
INSERT INTO User (user_id, user_name, password) VALUES (10, 'user10', 'pass10');
INSERT INTO Restaurant_Manager (manager_id) VALUES (1);
INSERT INTO Restaurant_Manager (manager_id) VALUES (2);
INSERT INTO Restaurant_Manager (manager_id) VALUES (3);
INSERT INTO Customer (customer_id) VALUES (6);
INSERT INTO Customer (customer_id) VALUES (7);
INSERT INTO Customer (customer_id) VALUES (8);
INSERT INTO Customer (customer_id) VALUES (9);
INSERT INTO Customer (customer_id) VALUES (10);
INSERT INTO Address (user_id, address_name, address, city) VALUES (1, 'Home1', 'Street 1', 'City1');
INSERT INTO Address (user_id, address_name, address, city) VALUES (2, 'Home2', 'Street 2', 'City2');
INSERT INTO Address (user_id, address_name, address, city) VALUES (3, 'Home3', 'Street 3', 'City3');
INSERT INTO Address (user_id, address_name, address, city) VALUES (4, 'Home4', 'Street 4', 'City4');
INSERT INTO Address (user_id, address_name, address, city) VALUES (5, 'Home5', 'Street 5', 'City5');
INSERT INTO Address (user_id, address_name, address, city) VALUES (6, 'Home6', 'Street 6', 'City6');
INSERT INTO Address (user_id, address_name, address, city) VALUES (7, 'Home7', 'Street 7', 'City7');
INSERT INTO Address (user_id, address_name, address, city) VALUES (8, 'Home8', 'Street 8', 'City8');
INSERT INTO Address (user_id, address_name, address, city) VALUES (9, 'Home9', 'Street 9', 'City9');
INSERT INTO Address (user_id, address_name, address, city) VALUES (10, 'Home10', 'Street 10', 'City10');
INSERT INTO Restaurant (restaurant_name, cuisine_type, manager_id, address_id) VALUES ('Pizza Palace', 'American', 1, 1);
INSERT INTO Restaurant (restaurant_name, cuisine_type, manager_id, address_id) VALUES ('Sushi World', 'Asian', 2, 2);
INSERT INTO Restaurant (restaurant_name, cuisine_type, manager_id, address_id) VALUES ('Curry House', 'Indian', 3, 3);
INSERT INTO Restaurant (restaurant_name, cuisine_type, manager_id, address_id) VALUES ('Istanbul Kebap', 'Turkish', 1, 4);
INSERT INTO Restaurant (restaurant_name, cuisine_type, manager_id, address_id) VALUES ('Le Gourmet', 'European', 2, 5);
INSERT INTO Keyword (keyword) VALUES ('FastFood');
INSERT INTO Keyword (keyword) VALUES ('Seafood');
INSERT INTO Keyword (keyword) VALUES ('Spicy');
INSERT INTO Keyword (keyword) VALUES ('Grill');
INSERT INTO Keyword (keyword) VALUES ('FineDining');
INSERT INTO Keyword (keyword) VALUES ('Vegan');
INSERT INTO Restaurant_Keyword (keyword_id, restaurant_id) VALUES (4, 1);
INSERT INTO Restaurant_Keyword (keyword_id, restaurant_id) VALUES (5, 1);
INSERT INTO Restaurant_Keyword (keyword_id, restaurant_id) VALUES (5, 2);
INSERT INTO Restaurant_Keyword (keyword_id, restaurant_id) VALUES (6, 2);
INSERT INTO Restaurant_Keyword (keyword_id, restaurant_id) VALUES (1, 3);
INSERT INTO Restaurant_Keyword (keyword_id, restaurant_id) VALUES (3, 3);
INSERT INTO Restaurant_Keyword (keyword_id, restaurant_id) VALUES (2, 4);
INSERT INTO Restaurant_Keyword (keyword_id, restaurant_id) VALUES (4, 4);
INSERT INTO Restaurant_Keyword (keyword_id, restaurant_id) VALUES (6, 5);
INSERT INTO Restaurant_Keyword (keyword_id, restaurant_id) VALUES (5, 5);
INSERT INTO Menu_Item (name, image, description, price, restaurant_id) VALUES ('Margherita Pizza', 'pizza.jpg', 'Classic cheese pizza', 8.5, 1);
INSERT INTO Menu_Item (name, image, description, price, restaurant_id) VALUES ('Pepperoni Pizza', 'pepperoni.jpg', 'Pepperoni and cheese', 9.5, 1);
INSERT INTO Menu_Item (name, image, description, price, restaurant_id) VALUES ('California Roll', 'sushi.jpg', 'Crab and avocado', 12.0, 2);
INSERT INTO Menu_Item (name, image, description, price, restaurant_id) VALUES ('Salmon Nigiri', 'salmon.jpg', 'Fresh salmon over rice', 14.0, 2);
INSERT INTO Menu_Item (name, image, description, price, restaurant_id) VALUES ('Chicken Curry', 'chicken_curry.jpg', 'Spicy chicken curry', 11.0, 3);
INSERT INTO Menu_Item (name, image, description, price, restaurant_id) VALUES ('Lamb Curry', 'lamb_curry.jpg', 'Tender lamb curry', 13.0, 3);
INSERT INTO Menu_Item (name, image, description, price, restaurant_id) VALUES ('Adana Kebap', 'adana.jpg', 'Spicy minced meat', 10.0, 4);
INSERT INTO Menu_Item (name, image, description, price, restaurant_id) VALUES ('Doner', 'doner.jpg', 'Classic Turkish doner', 9.0, 4);
INSERT INTO Menu_Item (name, image, description, price, restaurant_id) VALUES ('Beef Steak', 'steak.jpg', 'Grilled beef steak', 20.0, 5);
INSERT INTO Menu_Item (name, image, description, price, restaurant_id) VALUES ('Caesar Salad', 'salad.jpg', 'Fresh Caesar salad', 7.5, 5);
INSERT INTO Menu_Item (name, image, description, price, restaurant_id) VALUES ('Vegan Bowl', 'vegan.jpg', 'Healthy vegan mix', 8.0, 5);
INSERT INTO Menu_Item (name, image, description, price, restaurant_id) VALUES ('Cheese Plate', 'cheese.jpg', 'Assorted cheeses', 12.5, 5);
INSERT INTO Menu_Item (name, image, description, price, restaurant_id) VALUES ('Baklava', 'baklava.jpg', 'Turkish dessert', 6.0, 4);
INSERT INTO Menu_Item (name, image, description, price, restaurant_id) VALUES ('Miso Soup', 'miso.jpg', 'Traditional miso soup', 5.0, 2);
INSERT INTO Menu_Item (name, image, description, price, restaurant_id) VALUES ('Garlic Bread', 'garlic_bread.jpg', 'Toasted garlic bread', 4.5, 1);
INSERT INTO Cart (customer_id, restaurant_id, status) VALUES (9, 4, 'waiting');
INSERT INTO Cart (customer_id, restaurant_id, status) VALUES (7, 1, 'waiting');
INSERT INTO Cart (customer_id, restaurant_id, status) VALUES (6, 5, 'waiting');
INSERT INTO Cart (customer_id, restaurant_id, status) VALUES (10, 3, 'waiting');
INSERT INTO Cart (customer_id, restaurant_id, status) VALUES (8, 4, 'waiting');
INSERT INTO Cart (customer_id, restaurant_id, status) VALUES (9, 1, 'waiting');
INSERT INTO Cart (customer_id, restaurant_id, status) VALUES (7, 2, 'waiting');
INSERT INTO Cart (customer_id, restaurant_id, status) VALUES (9, 3, 'accepted');
INSERT INTO Cart (customer_id, restaurant_id, status) VALUES (7, 5, 'waiting');
INSERT INTO Cart (customer_id, restaurant_id, status) VALUES (9, 5, 'waiting');
INSERT INTO Contains (cart_id, menu_item_id, quantity) VALUES (1, 11, 2);
INSERT INTO Contains (cart_id, menu_item_id, quantity) VALUES (1, 14, 3);
INSERT INTO Contains (cart_id, menu_item_id, quantity) VALUES (2, 13, 2);
INSERT INTO Contains (cart_id, menu_item_id, quantity) VALUES (2, 3, 2);
INSERT INTO Contains (cart_id, menu_item_id, quantity) VALUES (3, 10, 3);
INSERT INTO Contains (cart_id, menu_item_id, quantity) VALUES (3, 15, 3);
INSERT INTO Contains (cart_id, menu_item_id, quantity) VALUES (4, 8, 1);
INSERT INTO Contains (cart_id, menu_item_id, quantity) VALUES (4, 11, 1);
INSERT INTO Contains (cart_id, menu_item_id, quantity) VALUES (5, 6, 2);
INSERT INTO Contains (cart_id, menu_item_id, quantity) VALUES (5, 12, 1);
INSERT INTO Contains (cart_id, menu_item_id, quantity) VALUES (6, 15, 2);
INSERT INTO Contains (cart_id, menu_item_id, quantity) VALUES (6, 8, 2);
INSERT INTO Contains (cart_id, menu_item_id, quantity) VALUES (7, 2, 3);
INSERT INTO Contains (cart_id, menu_item_id, quantity) VALUES (7, 11, 2);
INSERT INTO Contains (cart_id, menu_item_id, quantity) VALUES (8, 4, 2);
INSERT INTO Contains (cart_id, menu_item_id, quantity) VALUES (8, 7, 2);
INSERT INTO Contains (cart_id, menu_item_id, quantity) VALUES (9, 14, 1);
INSERT INTO Contains (cart_id, menu_item_id, quantity) VALUES (9, 2, 3);
INSERT INTO Contains (cart_id, menu_item_id, quantity) VALUES (10, 13, 3);
INSERT INTO Contains (cart_id, menu_item_id, quantity) VALUES (10, 1, 2);
INSERT INTO Rating (rating, comment, cart_id) VALUES (2, 'Great!', 8);
INSERT INTO Rating (rating, comment, cart_id) VALUES (5, 'Great!', 9);
INSERT INTO Rating (rating, comment, cart_id) VALUES (4, 'Great!', 1);
INSERT INTO Rating (rating, comment, cart_id) VALUES (4, 'Great!', 3);
INSERT INTO Rating (rating, comment, cart_id) VALUES (1, 'Great!', 8);
INSERT INTO Rating (rating, comment, cart_id) VALUES (2, 'Great!', 7);
INSERT INTO Rating (rating, comment, cart_id) VALUES (3, 'Great!', 2);
INSERT INTO Rating (rating, comment, cart_id) VALUES (3, 'Great!', 2);
INSERT INTO Rating (rating, comment, cart_id) VALUES (2, 'Great!', 1);
INSERT INTO Rating (rating, comment, cart_id) VALUES (2, 'Great!', 5);
INSERT INTO Rating (rating, comment, cart_id) VALUES (3, 'Great!', 4);
INSERT INTO Rating (rating, comment, cart_id) VALUES (5, 'Great!', 4);
INSERT INTO Rating (rating, comment, cart_id) VALUES (2, 'Great!', 5);
INSERT INTO Rating (rating, comment, cart_id) VALUES (3, 'Great!', 5);
INSERT INTO Rating (rating, comment, cart_id) VALUES (3, 'Great!', 1);
INSERT INTO Rating (rating, comment, cart_id) VALUES (3, 'Great!', 9);
INSERT INTO Rating (rating, comment, cart_id) VALUES (5, 'Great!', 9);
INSERT INTO Rating (rating, comment, cart_id) VALUES (3, 'Great!', 8);
INSERT INTO Rating (rating, comment, cart_id) VALUES (5, 'Great!', 1);
INSERT INTO Rating (rating, comment, cart_id) VALUES (3, 'Great!', 9);
INSERT INTO Rating (rating, comment, cart_id) VALUES (5, 'Great!', 6);
INSERT INTO Rating (rating, comment, cart_id) VALUES (3, 'Great!', 6);
INSERT INTO Rating (rating, comment, cart_id) VALUES (3, 'Great!', 5);
INSERT INTO Rating (rating, comment, cart_id) VALUES (5, 'Great!', 5);
INSERT INTO Rating (rating, comment, cart_id) VALUES (3, 'Great!', 1);
INSERT INTO Rating (rating, comment, cart_id) VALUES (3, 'Great!', 10);
INSERT INTO Rating (rating, comment, cart_id) VALUES (2, 'Great!', 8);
INSERT INTO Rating (rating, comment, cart_id) VALUES (5, 'Great!', 1);
INSERT INTO Rating (rating, comment, cart_id) VALUES (5, 'Great!', 6);
INSERT INTO Rating (rating, comment, cart_id) VALUES (3, 'Great!', 8);
INSERT INTO Rating (rating, comment, cart_id) VALUES (1, 'Great!', 8);
INSERT INTO Rating (rating, comment, cart_id) VALUES (4, 'Great!', 2);
INSERT INTO Rating (rating, comment, cart_id) VALUES (1, 'Great!', 3);
INSERT INTO Rating (rating, comment, cart_id) VALUES (4, 'Great!', 1);
INSERT INTO Rating (rating, comment, cart_id) VALUES (5, 'Great!', 3);
INSERT INTO Rating (rating, comment, cart_id) VALUES (3, 'Great!', 3);
INSERT INTO Rating (rating, comment, cart_id) VALUES (5, 'Great!', 6);
INSERT INTO Rating (rating, comment, cart_id) VALUES (3, 'Great!', 5);
INSERT INTO Rating (rating, comment, cart_id) VALUES (4, 'Great!', 10);
INSERT INTO Rating (rating, comment, cart_id) VALUES (2, 'Great!', 3);
INSERT INTO Rating (rating, comment, cart_id) VALUES (2, 'Great!', 6);
INSERT INTO Rating (rating, comment, cart_id) VALUES (5, 'Great!', 8);
INSERT INTO Rating (rating, comment, cart_id) VALUES (5, 'Great!', 10);
INSERT INTO Rating (rating, comment, cart_id) VALUES (5, 'Great!', 7);
INSERT INTO Rating (rating, comment, cart_id) VALUES (1, 'Great!', 7);
INSERT INTO Rating (rating, comment, cart_id) VALUES (3, 'Great!', 8);
INSERT INTO Rating (rating, comment, cart_id) VALUES (1, 'Great!', 1);
INSERT INTO Rating (rating, comment, cart_id) VALUES (3, 'Great!', 2);
INSERT INTO Rating (rating, comment, cart_id) VALUES (1, 'Great!', 2);
INSERT INTO Rating (rating, comment, cart_id) VALUES (1, 'Great!', 5);
